{"network":{"id":2,"name":"ln-tip-jar","status":3,"path":"/Users/manumonti/.polar/networks/2","nodes":{"bitcoin":[{"id":0,"networkId":2,"name":"backend1","type":"bitcoin","implementation":"bitcoind","version":"30.0","peers":[],"status":3,"ports":{"rpc":18443,"p2p":19444,"zmqBlock":28334,"zmqTx":29335},"docker":{"image":"","command":""}}],"lightning":[{"id":0,"networkId":2,"name":"alice","type":"lightning","implementation":"LND","version":"0.20.0-beta","status":3,"backendName":"backend1","paths":{"tlsCert":"/Users/manumonti/.polar/networks/2/volumes/lnd/alice/tls.cert","adminMacaroon":"/Users/manumonti/.polar/networks/2/volumes/lnd/alice/data/chain/bitcoin/regtest/admin.macaroon","invoiceMacaroon":"/Users/manumonti/.polar/networks/2/volumes/lnd/alice/data/chain/bitcoin/regtest/invoice.macaroon","readonlyMacaroon":"/Users/manumonti/.polar/networks/2/volumes/lnd/alice/data/chain/bitcoin/regtest/readonly.macaroon"},"ports":{"rest":8081,"grpc":10001,"p2p":9735},"docker":{"image":"","command":""}},{"id":1,"networkId":2,"name":"bob","type":"lightning","implementation":"LND","version":"0.20.0-beta","status":3,"backendName":"backend1","paths":{"tlsCert":"/Users/manumonti/.polar/networks/2/volumes/lnd/bob/tls.cert","adminMacaroon":"/Users/manumonti/.polar/networks/2/volumes/lnd/bob/data/chain/bitcoin/regtest/admin.macaroon","invoiceMacaroon":"/Users/manumonti/.polar/networks/2/volumes/lnd/bob/data/chain/bitcoin/regtest/invoice.macaroon","readonlyMacaroon":"/Users/manumonti/.polar/networks/2/volumes/lnd/bob/data/chain/bitcoin/regtest/readonly.macaroon"},"ports":{"rest":8082,"grpc":10002,"p2p":9736},"docker":{"image":"","command":""}},{"id":2,"networkId":2,"name":"carol","type":"lightning","implementation":"LND","version":"0.20.0-beta","status":3,"backendName":"backend1","paths":{"tlsCert":"/Users/manumonti/.polar/networks/2/volumes/lnd/carol/tls.cert","adminMacaroon":"/Users/manumonti/.polar/networks/2/volumes/lnd/carol/data/chain/bitcoin/regtest/admin.macaroon","invoiceMacaroon":"/Users/manumonti/.polar/networks/2/volumes/lnd/carol/data/chain/bitcoin/regtest/invoice.macaroon","readonlyMacaroon":"/Users/manumonti/.polar/networks/2/volumes/lnd/carol/data/chain/bitcoin/regtest/readonly.macaroon"},"ports":{"rest":8083,"grpc":10003,"p2p":9737},"docker":{"image":"","command":""}},{"id":3,"networkId":2,"name":"dave","type":"lightning","implementation":"LND","version":"0.20.0-beta","status":3,"backendName":"backend1","paths":{"tlsCert":"/Users/manumonti/.polar/networks/2/volumes/lnd/dave/tls.cert","adminMacaroon":"/Users/manumonti/.polar/networks/2/volumes/lnd/dave/data/chain/bitcoin/regtest/admin.macaroon","invoiceMacaroon":"/Users/manumonti/.polar/networks/2/volumes/lnd/dave/data/chain/bitcoin/regtest/invoice.macaroon","readonlyMacaroon":"/Users/manumonti/.polar/networks/2/volumes/lnd/dave/data/chain/bitcoin/regtest/readonly.macaroon"},"ports":{"rest":8084,"grpc":10004,"p2p":9738},"docker":{"image":"","command":""}}],"tap":[]},"autoMineMode":0,"manualMineCount":6},"chart":{"offset":{"x":0,"y":0},"nodes":{"backend1":{"id":"backend1","type":"bitcoin","position":{"x":250,"y":400},"ports":{"backend":{"id":"backend","type":"top","position":{"x":100,"y":0}},"peer-left":{"id":"peer-left","type":"left","position":{"x":0,"y":22}},"peer-right":{"id":"peer-right","type":"right","position":{"x":200,"y":22}}},"size":{"width":200,"height":44},"properties":{"status":3,"icon":"./static/media/bitcoin.c9f33461.svg"}},"alice":{"id":"alice","type":"lightning","position":{"x":40,"y":40},"ports":{"empty-left":{"id":"empty-left","type":"left","position":{"x":0,"y":55}},"empty-right":{"id":"empty-right","type":"right","position":{"x":200,"y":19}},"backend":{"id":"backend","type":"bottom","position":{"x":100,"y":109}},"lndbackend":{"id":"lndbackend","type":"top","position":{"x":100,"y":0}},"ab36304749f8":{"id":"ab36304749f8","type":"right","properties":{"nodeId":"alice","initiator":true,"hasAssets":false},"position":{"x":200,"y":43}},"9a4adba8b257":{"id":"9a4adba8b257","type":"right","properties":{"nodeId":"alice","initiator":true,"hasAssets":false},"position":{"x":200,"y":67}},"57359b82989d":{"id":"57359b82989d","type":"right","properties":{"nodeId":"alice","initiator":true,"hasAssets":false},"position":{"x":200,"y":91}}},"size":{"width":200,"height":109},"properties":{"status":3,"icon":"./static/media/lnd.095d2fef.png"}},"bob":{"id":"bob","type":"lightning","position":{"x":320,"y":260},"ports":{"empty-left":{"id":"empty-left","type":"left","position":{"x":0,"y":19}},"empty-right":{"id":"empty-right","type":"right","position":{"x":200,"y":31}},"backend":{"id":"backend","type":"bottom","position":{"x":100,"y":61}},"lndbackend":{"id":"lndbackend","type":"top","position":{"x":100,"y":0}},"ab36304749f8":{"id":"ab36304749f8","type":"left","properties":{"nodeId":"bob","initiator":false,"hasAssets":false},"position":{"x":0,"y":43}}},"size":{"width":200,"height":61},"properties":{"status":3,"icon":"./static/media/lnd.095d2fef.png"}},"carol":{"id":"carol","type":"lightning","position":{"x":560,"y":220},"ports":{"empty-left":{"id":"empty-left","type":"left","position":{"x":0,"y":19}},"empty-right":{"id":"empty-right","type":"right","position":{"x":200,"y":31}},"backend":{"id":"backend","type":"bottom","position":{"x":100,"y":61}},"lndbackend":{"id":"lndbackend","type":"top","position":{"x":100,"y":0}},"9a4adba8b257":{"id":"9a4adba8b257","type":"left","properties":{"nodeId":"carol","initiator":false,"hasAssets":false},"position":{"x":0,"y":43}}},"size":{"width":200,"height":61},"properties":{"status":3,"icon":"./static/media/lnd.095d2fef.png"}},"dave":{"id":"dave","type":"lightning","position":{"x":980,"y":160},"ports":{"empty-left":{"id":"empty-left","type":"left","position":{"x":0,"y":19}},"empty-right":{"id":"empty-right","type":"right","position":{"x":200,"y":31}},"backend":{"id":"backend","type":"bottom","position":{"x":100,"y":61}},"lndbackend":{"id":"lndbackend","type":"top","position":{"x":100,"y":0}},"57359b82989d":{"id":"57359b82989d","type":"left","properties":{"nodeId":"dave","initiator":false,"hasAssets":false},"position":{"x":0,"y":43}}},"size":{"width":200,"height":61},"properties":{"status":3,"icon":"./static/media/lnd.095d2fef.png"}}},"links":{"alice-backend1":{"id":"alice-backend1","from":{"nodeId":"alice","portId":"backend"},"to":{"nodeId":"backend1","portId":"backend"},"properties":{"type":"backend"}},"bob-backend1":{"id":"bob-backend1","from":{"nodeId":"bob","portId":"backend"},"to":{"nodeId":"backend1","portId":"backend"},"properties":{"type":"backend"}},"carol-backend1":{"id":"carol-backend1","from":{"nodeId":"carol","portId":"backend"},"to":{"nodeId":"backend1","portId":"backend"},"properties":{"type":"backend"}},"dave-backend1":{"id":"dave-backend1","from":{"nodeId":"dave","portId":"backend"},"to":{"nodeId":"backend1","portId":"backend"},"properties":{"type":"backend"}},"ab36304749f8":{"id":"ab36304749f8","from":{"nodeId":"alice","portId":"ab36304749f8"},"to":{"nodeId":"bob","portId":"ab36304749f8"},"properties":{"type":"open-channel","channelPoint":"e8108d71efe8294a60cbf0067f1506ad0f8c29944d432cadf348ab36304749f8:1","capacity":"10000000","fromBalance":"9996530","toBalance":"0","direction":"ltr","status":"Open","isPrivate":false,"assets":[]}},"9a4adba8b257":{"id":"9a4adba8b257","from":{"nodeId":"alice","portId":"9a4adba8b257"},"to":{"nodeId":"carol","portId":"9a4adba8b257"},"properties":{"type":"open-channel","channelPoint":"7278ea877b01b0eda49b8764914cf898040ff4f3e6c54c31c7909a4adba8b257:1","capacity":"10000000","fromBalance":"9996530","toBalance":"0","direction":"ltr","status":"Open","isPrivate":false,"assets":[]}},"57359b82989d":{"id":"57359b82989d","from":{"nodeId":"alice","portId":"57359b82989d"},"to":{"nodeId":"dave","portId":"57359b82989d"},"properties":{"type":"open-channel","channelPoint":"455b346b09295dbdd8c0b2d4cc98397b1ce40f60a16eadc2191157359b82989d:1","capacity":"10000000","fromBalance":"9996530","toBalance":"0","direction":"ltr","status":"Open","isPrivate":false,"assets":[]}}},"selected":{"type":"node","id":"alice"},"hovered":{},"scale":1}}