{"network":{"id":1,"name":"ln-tip-jar","status":3,"path":"/Users/manumonti/.polar/networks/1","nodes":{"bitcoin":[{"id":0,"networkId":1,"name":"backend1","type":"bitcoin","implementation":"bitcoind","version":"30.0","peers":[],"status":3,"ports":{"rpc":18443,"p2p":19444,"zmqBlock":28334,"zmqTx":29335},"docker":{"image":"","command":""}}],"lightning":[{"id":0,"networkId":1,"name":"alice","type":"lightning","implementation":"LND","version":"0.20.0-beta","status":3,"backendName":"backend1","paths":{"tlsCert":"/Users/manumonti/.polar/networks/1/volumes/lnd/alice/tls.cert","adminMacaroon":"/Users/manumonti/.polar/networks/1/volumes/lnd/alice/data/chain/bitcoin/regtest/admin.macaroon","invoiceMacaroon":"/Users/manumonti/.polar/networks/1/volumes/lnd/alice/data/chain/bitcoin/regtest/invoice.macaroon","readonlyMacaroon":"/Users/manumonti/.polar/networks/1/volumes/lnd/alice/data/chain/bitcoin/regtest/readonly.macaroon"},"ports":{"rest":8081,"grpc":10001,"p2p":9735},"docker":{"image":"","command":""}},{"id":1,"networkId":1,"name":"bob","type":"lightning","implementation":"LND","version":"0.20.0-beta","status":3,"backendName":"backend1","paths":{"tlsCert":"/Users/manumonti/.polar/networks/1/volumes/lnd/bob/tls.cert","adminMacaroon":"/Users/manumonti/.polar/networks/1/volumes/lnd/bob/data/chain/bitcoin/regtest/admin.macaroon","invoiceMacaroon":"/Users/manumonti/.polar/networks/1/volumes/lnd/bob/data/chain/bitcoin/regtest/invoice.macaroon","readonlyMacaroon":"/Users/manumonti/.polar/networks/1/volumes/lnd/bob/data/chain/bitcoin/regtest/readonly.macaroon"},"ports":{"rest":8082,"grpc":10002,"p2p":9736},"docker":{"image":"","command":""}},{"id":2,"networkId":1,"name":"carol","type":"lightning","implementation":"LND","version":"0.20.0-beta","status":3,"backendName":"backend1","paths":{"tlsCert":"/Users/manumonti/.polar/networks/1/volumes/lnd/carol/tls.cert","adminMacaroon":"/Users/manumonti/.polar/networks/1/volumes/lnd/carol/data/chain/bitcoin/regtest/admin.macaroon","invoiceMacaroon":"/Users/manumonti/.polar/networks/1/volumes/lnd/carol/data/chain/bitcoin/regtest/invoice.macaroon","readonlyMacaroon":"/Users/manumonti/.polar/networks/1/volumes/lnd/carol/data/chain/bitcoin/regtest/readonly.macaroon"},"ports":{"rest":8083,"grpc":10003,"p2p":9737},"docker":{"image":"","command":""}},{"id":3,"networkId":1,"name":"dave","type":"lightning","implementation":"LND","version":"0.20.0-beta","status":3,"backendName":"backend1","paths":{"tlsCert":"/Users/manumonti/.polar/networks/1/volumes/lnd/dave/tls.cert","adminMacaroon":"/Users/manumonti/.polar/networks/1/volumes/lnd/dave/data/chain/bitcoin/regtest/admin.macaroon","invoiceMacaroon":"/Users/manumonti/.polar/networks/1/volumes/lnd/dave/data/chain/bitcoin/regtest/invoice.macaroon","readonlyMacaroon":"/Users/manumonti/.polar/networks/1/volumes/lnd/dave/data/chain/bitcoin/regtest/readonly.macaroon"},"ports":{"rest":8084,"grpc":10004,"p2p":9738},"docker":{"image":"","command":""}}],"tap":[]},"autoMineMode":0,"manualMineCount":6},"chart":{"offset":{"x":0,"y":0},"nodes":{"backend1":{"id":"backend1","type":"bitcoin","position":{"x":250,"y":400},"ports":{"backend":{"id":"backend","type":"top","position":{"x":100,"y":0}},"peer-left":{"id":"peer-left","type":"left","position":{"x":0,"y":22}},"peer-right":{"id":"peer-right","type":"right","position":{"x":200,"y":22}}},"size":{"width":200,"height":43},"properties":{"status":3,"icon":"./static/media/bitcoin.c9f33461.svg"}},"alice":{"id":"alice","type":"lightning","position":{"x":50,"y":100},"ports":{"empty-left":{"id":"empty-left","type":"left","position":{"x":0,"y":22}},"empty-right":{"id":"empty-right","type":"right","position":{"x":200,"y":22}},"backend":{"id":"backend","type":"bottom","position":{"x":100,"y":43}},"lndbackend":{"id":"lndbackend","type":"top","position":{"x":100,"y":0}}},"size":{"width":200,"height":43},"properties":{"status":3,"icon":"./static/media/lnd.095d2fef.png"}},"bob":{"id":"bob","type":"lightning","position":{"x":300,"y":200},"ports":{"empty-left":{"id":"empty-left","type":"left","position":{"x":0,"y":22}},"empty-right":{"id":"empty-right","type":"right","position":{"x":200,"y":22}},"backend":{"id":"backend","type":"bottom","position":{"x":100,"y":43}},"lndbackend":{"id":"lndbackend","type":"top","position":{"x":100,"y":0}}},"size":{"width":200,"height":43},"properties":{"status":3,"icon":"./static/media/lnd.095d2fef.png"}},"carol":{"id":"carol","type":"lightning","position":{"x":550,"y":100},"ports":{"empty-left":{"id":"empty-left","type":"left","position":{"x":0,"y":22}},"empty-right":{"id":"empty-right","type":"right","position":{"x":200,"y":22}},"backend":{"id":"backend","type":"bottom","position":{"x":100,"y":43}},"lndbackend":{"id":"lndbackend","type":"top","position":{"x":100,"y":0}}},"size":{"width":200,"height":43},"properties":{"status":3,"icon":"./static/media/lnd.095d2fef.png"}},"dave":{"id":"dave","type":"lightning","position":{"x":800,"y":200},"ports":{"empty-left":{"id":"empty-left","type":"left","position":{"x":0,"y":22}},"empty-right":{"id":"empty-right","type":"right","position":{"x":200,"y":22}},"backend":{"id":"backend","type":"bottom","position":{"x":100,"y":43}},"lndbackend":{"id":"lndbackend","type":"top","position":{"x":100,"y":0}}},"size":{"width":200,"height":43},"properties":{"status":3,"icon":"./static/media/lnd.095d2fef.png"}}},"links":{"alice-backend1":{"id":"alice-backend1","from":{"nodeId":"alice","portId":"backend"},"to":{"nodeId":"backend1","portId":"backend"},"properties":{"type":"backend"}},"bob-backend1":{"id":"bob-backend1","from":{"nodeId":"bob","portId":"backend"},"to":{"nodeId":"backend1","portId":"backend"},"properties":{"type":"backend"}},"carol-backend1":{"id":"carol-backend1","from":{"nodeId":"carol","portId":"backend"},"to":{"nodeId":"backend1","portId":"backend"},"properties":{"type":"backend"}},"dave-backend1":{"id":"dave-backend1","from":{"nodeId":"dave","portId":"backend"},"to":{"nodeId":"backend1","portId":"backend"},"properties":{"type":"backend"}}},"selected":{"type":"node","id":"alice"},"hovered":{},"scale":1}}